,Query Name,Intra Virus Incidence (%),HCS Sequence,Subject Scientific Name(s),Subject Taxonomy ID(s),No. of Hits with 100% Identity,No. of Total Hits,Inter Virus Incidence (%)
0,1,1.1267605633802817,ATGGGGTCAGG,Fowlpox virus,10261,33,33,100.0
1,1,1.1267605633802817,ATGGGGTCAGG,Escherichia virus LS3,2743777,1,1,100.0
2,1,1.1267605633802817,ATGGGGTCAGG,Escherichia phage vB_EcoP_Kapi1,2746235,1,1,100.0
3,1,1.1267605633802817,ATGGGGTCAGG,Lepidopteran phenui-related virus OKIAV270,2746258,1,1,100.0
4,1,1.1267605633802817,ATGGGGTCAGG,Polar freshwater circular DNA virus,2749196,3,3,100.0
5,1,1.1267605633802817,ATGGGGTCAGG,Enterobacteria phage PPyecE_EH1910,2751388,1,1,100.0
6,1,1.1267605633802817,ATGGGGTCAGG,Escherichia phage vB_EcoM_APEC,2759186,1,1,100.0
7,1,1.1267605633802817,ATGGGGTCAGG,Escherichia virus LS2,2743776,1,1,100.0
8,1,1.1267605633802817,ATGGGGTCAGG,Vibrio phage vB_VnaS-AQKL99,2759205,1,1,100.0
9,1,1.1267605633802817,ATGGGGTCAGG,Escherichia phage TM1,2762279,1,1,100.0
10,1,1.1267605633802817,ATGGGGTCAGG,Stenotrophomonas phage phiSHP3,2762285,1,1,100.0
11,1,1.1267605633802817,ATGGGGTCAGG,Mycobacterium phage Cactus,2762404,1,1,100.0
12,1,1.1267605633802817,ATGGGGTCAGG,Macropodid alphaherpesvirus 4,2762721,1,1,100.0
13,1,1.1267605633802817,ATGGGGTCAGG,gallivirus A1,2764087,1,1,100.0
14,1,1.1267605633802817,ATGGGGTCAGG,Streptomyces phage Faust,2767565,1,1,100.0
15,1,1.1267605633802817,ATGGGGTCAGG,Gordonia phage SpeedDemon,2759457,1,1,100.0
16,1,1.1267605633802817,ATGGGGTCAGG,Klebsiella phage Muenster,2767572,1,1,100.0
17,1,1.1267605633802817,ATGGGGTCAGG,Erysiphe necator associated ourmia-like virus 82,2741862,1,1,100.0
18,1,1.1267605633802817,ATGGGGTCAGG,Bacillus phage Hyb3phi3Ts-SPbeta,2735534,1,1,100.0
19,1,1.1267605633802817,ATGGGGTCAGG,Marine virus AFVG_25M466,2694640,1,1,100.0
20,1,1.1267605633802817,ATGGGGTCAGG,Marine virus AFVG_25M542,2694725,1,1,100.0
21,1,1.1267605633802817,ATGGGGTCAGG,Marine virus AFVG_25M60,2694756,1,1,100.0
22,1,1.1267605633802817,ATGGGGTCAGG,Marine virus AFVG_25M66,2694762,1,1,100.0
23,1,1.1267605633802817,ATGGGGTCAGG,Escherichia phage F2,2696339,1,1,100.0
24,1,1.1267605633802817,ATGGGGTCAGG,Escherichia phage moha,2696423,1,1,100.0
25,1,1.1267605633802817,ATGGGGTCAGG,Nostoc phage YongM,2736366,1,1,100.0
26,1,1.1267605633802817,ATGGGGTCAGG,Severe acute respiratory syndrome coronavirus 2,2697049,0,11,0.0
27,1,1.1267605633802817,ATGGGGTCAGG,Microbacterium phage PauloDiaboli,2704039,1,1,100.0
28,1,1.1267605633802817,ATGGGGTCAGG,Bifidobacterium phage BlindBasel1,2713248,1,1,100.0
29,1,1.1267605633802817,ATGGGGTCAGG,Bifidobacterium phage BlindUri1,2713249,1,1,100.0
30,1,1.1267605633802817,ATGGGGTCAGG,Pilk tombus-like virus,2716734,1,1,100.0
31,1,1.1267605633802817,ATGGGGTCAGG,Phage 64_12,2718477,1,1,100.0
32,1,1.1267605633802817,ATGGGGTCAGG,Bacillus phage Hyb2phi3Ts-SPbeta,2735533,1,1,100.0
33,1,1.1267605633802817,ATGGGGTCAGG,Gordonia phage DatBoi,2704037,1,1,100.0
34,1,1.1267605633802817,ATGGGGTCAGG,Marine virus AFVG_25M465,2694639,1,1,100.0
35,1,1.1267605633802817,ATGGGGTCAGG,Pectinobacterium phage vB_PcaM_CBB,2772511,1,1,100.0
36,1,1.1267605633802817,ATGGGGTCAGG,Salmonella phage vB_SalM_ABTNLsp5,2789809,1,1,100.0
37,1,1.1267605633802817,ATGGGGTCAGG,Siphoviridae sp. ctICF6,2825427,1,1,100.0
38,1,1.1267605633802817,ATGGGGTCAGG,Siphoviridae sp. ctIOF8;Siphoviridae sp. ctOSJ35,2825479,1,1,100.0
39,1,1.1267605633802817,ATGGGGTCAGG,Siphoviridae sp. ctFxs15;Siphoviridae sp. ctHSm42,2826232,1,1,100.0
40,1,1.1267605633802817,ATGGGGTCAGG,Siphoviridae sp. ctSWe10,2826344,1,1,100.0
41,1,1.1267605633802817,ATGGGGTCAGG,Siphoviridae sp. ctSdk10,2826345,1,1,100.0
42,1,1.1267605633802817,ATGGGGTCAGG,Siphoviridae sp. cttFh17,2826491,1,1,100.0
43,1,1.1267605633802817,ATGGGGTCAGG,Siphoviridae sp. ct7xv9,2825355,1,1,100.0
44,1,1.1267605633802817,ATGGGGTCAGG,Myoviridae sp. ct5kl10,2826615,1,1,100.0
45,1,1.1267605633802817,ATGGGGTCAGG,Myoviridae sp. ct0f722,2827599,1,1,100.0
46,1,1.1267605633802817,ATGGGGTCAGG,Siphoviridae sp. ctn8e14,2827936,1,1,100.0
47,1,1.1267605633802817,ATGGGGTCAGG,Siphoviridae sp. ctHdl3,2828174,1,1,100.0
48,1,1.1267605633802817,ATGGGGTCAGG,Escherichia phage vB_EcoM_SYGD1,2829845,1,1,100.0
49,1,1.1267605633802817,ATGGGGTCAGG,Ackermannviridae sp.,2831612,4,4,100.0
50,1,1.1267605633802817,ATGGGGTCAGG,Herelleviridae sp.,2831613,2,2,100.0
51,1,1.1267605633802817,ATGGGGTCAGG,Myoviridae sp. ctPSW2,2826648,1,1,100.0
52,1,1.1267605633802817,ATGGGGTCAGG,Synechococcus phage S-SRM01,2781608,1,1,100.0
53,1,1.1267605633802817,ATGGGGTCAGG,Siphoviridae sp. ct0Ci105,2825292,1,1,100.0
54,1,1.1267605633802817,ATGGGGTCAGG,Xanthomonas phage Fontebon,2822583,1,1,100.0
55,1,1.1267605633802817,ATGGGGTCAGG,Gordonia phage Blino,2793696,1,1,100.0
56,1,1.1267605633802817,ATGGGGTCAGG,Streptomyces phage TurkishDelight,2793708,1,1,100.0
57,1,1.1267605633802817,ATGGGGTCAGG,Japanese cytomegalovirus,2795229,1,1,100.0
58,1,1.1267605633802817,ATGGGGTCAGG,Jaksystermes virus,2796597,1,1,100.0
59,1,1.1267605633802817,ATGGGGTCAGG,Magoulivirus sp.,2809544,1,1,100.0
60,1,1.1267605633802817,ATGGGGTCAGG,Seadornavirus sp.,2809846,1,1,100.0
61,1,1.1267605633802817,ATGGGGTCAGG,Xanthomonas phage Soumapaz,2822584,1,1,100.0
62,1,1.1267605633802817,ATGGGGTCAGG,Albatrosspox virus,2811222,1,1,100.0
63,1,1.1267605633802817,ATGGGGTCAGG,Mycobacterium phage prophiGD54-2,2813270,1,1,100.0
64,1,1.1267605633802817,ATGGGGTCAGG,Bellamyvirus sp.,2821411,1,1,100.0
65,1,1.1267605633802817,ATGGGGTCAGG,Xanthomonas phage Olaya,2822579,1,1,100.0
66,1,1.1267605633802817,ATGGGGTCAGG,Xanthomonas phage Bolivar,2822580,1,1,100.0
67,1,1.1267605633802817,ATGGGGTCAGG,Xanthomonas phage Usaquen,2822581,1,1,100.0
68,1,1.1267605633802817,ATGGGGTCAGG,Xanthomonas phage Alcala,2822582,1,1,100.0
69,1,1.1267605633802817,ATGGGGTCAGG,Mycobacterium phage prophi86-1,2813222,1,1,100.0
70,1,1.1267605633802817,ATGGGGTCAGG,Marine virus AFVG_25M42,2694589,1,1,100.0
71,1,1.1267605633802817,ATGGGGTCAGG,Marine virus AFVG_25M41,2694578,1,1,100.0
72,1,1.1267605633802817,ATGGGGTCAGG,Marine virus AFVG_25M378,2694542,1,1,100.0
73,1,1.1267605633802817,ATGGGGTCAGG,Klebsiella phage KpCHEMY26,2596966,1,1,100.0
74,1,1.1267605633802817,ATGGGGTCAGG,Aeromonas phage D9,2599404,1,1,100.0
75,1,1.1267605633802817,ATGGGGTCAGG,Arthrobacter phage Mimi,2599830,1,1,100.0
76,1,1.1267605633802817,ATGGGGTCAGG,Arthrobacter phage Racecar,2599831,1,1,100.0
77,1,1.1267605633802817,ATGGGGTCAGG,Gordonia phage Schiebs,2599850,1,1,100.0
78,1,1.1267605633802817,ATGGGGTCAGG,Escherichia virus ECG4,2601676,1,1,100.0
79,1,1.1267605633802817,ATGGGGTCAGG,Peste des petits ruminants virus,2593991,2,2,100.0
80,1,1.1267605633802817,ATGGGGTCAGG,Arthrobacter phage NapoleonB,2652410,1,1,100.0
81,1,1.1267605633802817,ATGGGGTCAGG,Pectobacterium phage Wc4-1,2652429,1,1,100.0
82,1,1.1267605633802817,ATGGGGTCAGG,Podoviridae sp. ctDWo9,2656708,1,1,100.0
83,1,1.1267605633802817,ATGGGGTCAGG,Bacteriophage Eos,2662137,1,1,100.0
84,1,1.1267605633802817,ATGGGGTCAGG,Xylella phage Usme,2674969,1,1,100.0
85,1,1.1267605633802817,ATGGGGTCAGG,Peribunyaviridae sp.,2683622,3,3,100.0
86,1,1.1267605633802817,ATGGGGTCAGG,Arthrobacter phage Giantsbane,2686082,1,1,100.0
87,1,1.1267605633802817,ATGGGGTCAGG,Pectobacterium phage Wc4,2652428,1,1,100.0
88,1,1.1267605633802817,ATGGGGTCAGG,Gordonia phage Volt,2686227,1,1,100.0
89,1,1.1267605633802817,ATGGGGTCAGG,Aeromonas phage D3,2593327,1,1,100.0
90,1,1.1267605633802817,ATGGGGTCAGG,Prokaryotic dsDNA virus sp.,2591644,6,6,100.0
91,1,1.1267605633802817,ATGGGGTCAGG,Brevibacterium phage AGM11,2591413,1,1,100.0
92,1,1.1267605633802817,ATGGGGTCAGG,Brevibacterium phage AGM12,2591414,1,1,100.0
93,1,1.1267605633802817,ATGGGGTCAGG,Brevibacterium phage AGM13,2591415,1,1,100.0
94,1,1.1267605633802817,ATGGGGTCAGG,Brevibacterium phage AGM14,2591416,1,1,100.0
95,1,1.1267605633802817,ATGGGGTCAGG,Brevibacterium phage AGM15,2591417,1,1,100.0
96,1,1.1267605633802817,ATGGGGTCAGG,Brevibacterium phage AGM16,2591418,1,1,100.0
97,1,1.1267605633802817,ATGGGGTCAGG,Aeromonas phage D6,2593322,1,1,100.0
98,1,1.1267605633802817,ATGGGGTCAGG,Brevibacterium phage AGM2,2591419,1,1,100.0
99,1,1.1267605633802817,ATGGGGTCAGG,Brevibacterium phage AGM4,2591421,1,1,100.0
100,1,1.1267605633802817,ATGGGGTCAGG,Brevibacterium phage AGM5,2591422,1,1,100.0
101,1,1.1267605633802817,ATGGGGTCAGG,Brevibacterium phage AGM6,2591423,1,1,100.0
102,1,1.1267605633802817,ATGGGGTCAGG,Brevibacterium phage AGM7,2591424,1,1,100.0
103,1,1.1267605633802817,ATGGGGTCAGG,Brevibacterium phage AGM8,2591425,1,1,100.0
104,1,1.1267605633802817,ATGGGGTCAGG,Brevibacterium phage AGM9,2591426,1,1,100.0
105,1,1.1267605633802817,ATGGGGTCAGG,Brevibacterium phage AGM3,2591420,1,1,100.0
106,1,1.1267605633802817,ATGGGGTCAGG,Sphingomonas phage vB_StuS_MMDA13,2686378,1,1,100.0
107,1,1.1267605633802817,ATGGGGTCAGG,Phaseolina single-stranded RNA virus,2689988,1,1,100.0
108,1,1.1267605633802817,ATGGGGTCAGG,Marine virus AFVG_117M15,2692927,1,1,100.0
109,1,1.1267605633802817,ATGGGGTCAGG,Marine virus AFVG_250M497,2693673,1,1,100.0
110,1,1.1267605633802817,ATGGGGTCAGG,Marine virus AFVG_250M558,2693741,1,1,100.0
111,1,1.1267605633802817,ATGGGGTCAGG,Marine virus AFVG_250M598,2693785,1,1,100.0
112,1,1.1267605633802817,ATGGGGTCAGG,Marine virus AFVG_250M635,2693827,1,1,100.0
113,1,1.1267605633802817,ATGGGGTCAGG,Marine virus AFVG_250M645,2693838,1,1,100.0
114,1,1.1267605633802817,ATGGGGTCAGG,Marine virus AFVG_250M829,2694042,1,1,100.0
115,1,1.1267605633802817,ATGGGGTCAGG,Marine virus AFVG_250M417,2693585,1,1,100.0
116,1,1.1267605633802817,ATGGGGTCAGG,Marine virus AFVG_250M871,2694089,1,1,100.0
117,1,1.1267605633802817,ATGGGGTCAGG,Marine virus AFVG_250M877,2694095,1,1,100.0
118,1,1.1267605633802817,ATGGGGTCAGG,Marine virus AFVG_250M994,2694225,1,1,100.0
119,1,1.1267605633802817,ATGGGGTCAGG,Marine virus AFVG_25M214,2694361,1,1,100.0
120,1,1.1267605633802817,ATGGGGTCAGG,Marine virus AFVG_25M230,2694379,1,1,100.0
121,1,1.1267605633802817,ATGGGGTCAGG,Marine virus AFVG_25M236,2694385,1,1,100.0
122,1,1.1267605633802817,ATGGGGTCAGG,Marine virus AFVG_25M370,2694534,1,1,100.0
123,1,1.1267605633802817,ATGGGGTCAGG,Marine virus AFVG_250M872,2694090,1,1,100.0
124,1,1.1267605633802817,ATGGGGTCAGG,Marine virus AFVG_250M314,2693461,1,1,100.0
125,1,1.1267605633802817,ATGGGGTCAGG,Marine virus AFVG_250M313,2693460,1,1,100.0
126,1,1.1267605633802817,ATGGGGTCAGG,Marine virus AFVG_250M284,2693427,1,1,100.0
127,1,1.1267605633802817,ATGGGGTCAGG,Marine virus AFVG_250M1005,2693022,1,1,100.0
128,1,1.1267605633802817,ATGGGGTCAGG,Marine virus AFVG_250M1043,2693064,1,1,100.0
129,1,1.1267605633802817,ATGGGGTCAGG,Marine virus AFVG_250M1064,2693087,1,1,100.0
130,1,1.1267605633802817,ATGGGGTCAGG,Marine virus AFVG_250M1065,2693088,1,1,100.0
131,1,1.1267605633802817,ATGGGGTCAGG,Marine virus AFVG_250M1066,2693089,1,1,100.0
132,1,1.1267605633802817,ATGGGGTCAGG,Marine virus AFVG_250M1067,2693090,1,1,100.0
133,1,1.1267605633802817,ATGGGGTCAGG,Marine virus AFVG_250M1068,2693091,1,1,100.0
134,1,1.1267605633802817,ATGGGGTCAGG,Marine virus AFVG_250M1069,2693092,1,1,100.0
135,1,1.1267605633802817,ATGGGGTCAGG,Marine virus AFVG_250M1070,2693094,1,1,100.0
136,1,1.1267605633802817,ATGGGGTCAGG,Marine virus AFVG_250M1071,2693095,1,1,100.0
137,1,1.1267605633802817,ATGGGGTCAGG,Marine virus AFVG_250M11,2693126,1,1,100.0
138,1,1.1267605633802817,ATGGGGTCAGG,Marine virus AFVG_250M1186,2693222,1,1,100.0
139,1,1.1267605633802817,ATGGGGTCAGG,Marine virus AFVG_250M169,2693297,1,1,100.0
140,1,1.1267605633802817,ATGGGGTCAGG,Marine virus AFVG_250M171,2693300,1,1,100.0
141,1,1.1267605633802817,ATGGGGTCAGG,Marine virus AFVG_250M273,2693415,1,1,100.0
142,1,1.1267605633802817,ATGGGGTCAGG,Mute swan feces associated picobirnavirus 2,2832169,1,1,100.0
143,1,1.1267605633802817,ATGGGGTCAGG,Mute swan feces associated narna-like virus 5,2832219,1,1,100.0
144,1,1.1267605633802817,ATGGGGTCAGG,Streptomyces phage Emma1919,2832318,1,1,100.0
145,1,1.1267605633802817,ATGGGGTCAGG,Salmonella phage Lv5cm,2834970,1,1,100.0
146,1,1.1267605633802817,ATGGGGTCAGG,Brevundimonas phage vB_BpoS-Marchewka,2948604,2,2,100.0
147,1,1.1267605633802817,ATGGGGTCAGG,Microbacterium phage Big4,2950300,1,1,100.0
148,1,1.1267605633802817,ATGGGGTCAGG,Escherichia phage N2,2951196,1,1,100.0
149,1,1.1267605633802817,ATGGGGTCAGG,Bacillus phage vB_BanS-Thrax5,2951253,1,1,100.0
150,1,1.1267605633802817,ATGGGGTCAGG,Salmonella phage GRNsp7,2959431,1,1,100.0
151,1,1.1267605633802817,ATGGGGTCAGG,Hyptis latent virus,2963947,1,1,100.0
152,1,1.1267605633802817,ATGGGGTCAGG,Brevundimonas phage vB_BpoS-Kikimora,2948601,1,1,100.0
153,1,1.1267605633802817,ATGGGGTCAGG,Mycobacterium phage Baudelaire,2965205,1,1,100.0
154,1,1.1267605633802817,ATGGGGTCAGG,Caulobacter phage C1,2966441,1,1,100.0
155,1,1.1267605633802817,ATGGGGTCAGG,Caulobacter phage C2,2966442,1,1,100.0
156,1,1.1267605633802817,ATGGGGTCAGG,Caulobacter phage J4,2966443,1,1,100.0
157,1,1.1267605633802817,ATGGGGTCAGG,Caulobacter phage RB23,2966444,1,1,100.0
158,1,1.1267605633802817,ATGGGGTCAGG,Bifidobacterium phage BA720P3,2968610,1,1,100.0
159,1,1.1267605633802817,ATGGGGTCAGG,Bifidobacterium phage BA746P1,2968611,1,1,100.0
160,1,1.1267605633802817,ATGGGGTCAGG,Caulobacter phage BL47,2966440,1,1,100.0
161,1,1.1267605633802817,ATGGGGTCAGG,Bifidobacterium phage BP677P1,2968615,1,1,100.0
162,1,1.1267605633802817,ATGGGGTCAGG,Brevundimonas phage vB_BpoS-Bambus,2948597,2,2,100.0
163,1,1.1267605633802817,ATGGGGTCAGG,Escherichia phage vB_EcoP-611R6,2946099,1,1,100.0
164,1,1.1267605633802817,ATGGGGTCAGG,Cyanophage S-RIM12_RW_07_1112,2928622,1,1,100.0
165,1,1.1267605633802817,ATGGGGTCAGG,Cyanophage S-RIM12_Np_14_0310,2928625,1,1,100.0
166,1,1.1267605633802817,ATGGGGTCAGG,Cyanophage S-RIM12_RW_14_0101,2928626,1,1,100.0
167,1,1.1267605633802817,ATGGGGTCAGG,Cyanophage S-RIM12_RW_22_0110,2928627,1,1,100.0
168,1,1.1267605633802817,ATGGGGTCAGG,Cyanophage S-RIM12_RW_29_1109,2928628,1,1,100.0
169,1,1.1267605633802817,ATGGGGTCAGG,Wufeng Crocidura attenuata pegivirus 1,2929010,1,1,100.0
170,1,1.1267605633802817,ATGGGGTCAGG,Escherichia phage vB_EcoP-683R2,2946100,1,1,100.0
171,1,1.1267605633802817,ATGGGGTCAGG,Dipodfec virus UA23Rod_1071,2929326,1,1,100.0
172,1,1.1267605633802817,ATGGGGTCAGG,Odonatan chu-related virus OKIAV136,2933449,1,1,100.0
173,1,1.1267605633802817,ATGGGGTCAGG,Escherichia phage EC128,2936909,1,1,100.0
174,1,1.1267605633802817,ATGGGGTCAGG,Flumine Astrovirus 1,2940937,1,1,100.0
175,1,1.1267605633802817,ATGGGGTCAGG,Paraglaciecola Antarctic JLT virus 2,2945131,1,1,100.0
176,1,1.1267605633802817,ATGGGGTCAGG,Escherichia phage vB_EcoM_CE1,2945954,1,1,100.0
177,1,1.1267605633802817,ATGGGGTCAGG,Freshwater macrophyte associated hepe-like virus 1,2946060,1,1,100.0
178,1,1.1267605633802817,ATGGGGTCAGG,Bacillus phage SPBc2,2932878,2,2,100.0
179,1,1.1267605633802817,ATGGGGTCAGG,Bifidobacterium phage BP677P2,2968616,1,1,100.0
180,1,1.1267605633802817,ATGGGGTCAGG,Bifidobacterium phage BP677P3,2968617,1,1,100.0
181,1,1.1267605633802817,ATGGGGTCAGG,Bifidobacterium phage BP677P4,2968618,1,1,100.0
182,1,1.1267605633802817,ATGGGGTCAGG,Chuzhou tick virus 1,2972182,1,1,100.0
183,1,1.1267605633802817,ATGGGGTCAGG,Nanning Rhabd tick virus 1,2972321,1,1,100.0
184,1,1.1267605633802817,ATGGGGTCAGG,Microbacterium phage Cece,2972516,1,1,100.0
185,1,1.1267605633802817,ATGGGGTCAGG,Penaeus semisulcatus pemonivirus,2984275,1,1,100.0
186,1,1.1267605633802817,ATGGGGTCAGG,Melicertus latisulcatus pemonivirus,2984278,2,2,100.0
187,1,1.1267605633802817,ATGGGGTCAGG,Arthrobacter phage BenitoAntonio,2985310,1,1,100.0
188,1,1.1267605633802817,ATGGGGTCAGG,carnivorous sponge associated iridovirus,2971331,1,1,100.0
189,1,1.1267605633802817,ATGGGGTCAGG,Vibrio phage 31Fb.4,2985645,1,1,100.0
190,1,1.1267605633802817,ATGGGGTCAGG,Marsupenaeus japonicus pemonivirus,2995599,2,2,100.0
191,1,1.1267605633802817,ATGGGGTCAGG,Arthrobacter phage Jumboset,2998987,1,1,100.0
192,1,1.1267605633802817,ATGGGGTCAGG,Pseudomonas phage Fyn8,3003696,1,1,100.0
193,1,1.1267605633802817,ATGGGGTCAGG,Desulfofustis phage LS06-2018-MD02,3003835,1,1,100.0
194,1,1.1267605633802817,ATGGGGTCAGG,Army ant associated picobirnavirus 2,3004037,2,2,100.0
195,1,1.1267605633802817,ATGGGGTCAGG,Erwinia phage vB_Ea277G,3016906,1,1,100.0
196,1,1.1267605633802817,ATGGGGTCAGG,Klebsiella phage KP13-7,2985662,1,1,100.0
197,1,1.1267605633802817,ATGGGGTCAGG,Rhodobacter phage RcWhiteOak,2970530,1,1,100.0
198,1,1.1267605633802817,ATGGGGTCAGG,Rhodobacter phage RcWata,2970529,1,1,100.0
199,1,1.1267605633802817,ATGGGGTCAGG,Rhodobacter phage RcPeripeteia,2970526,1,1,100.0
200,1,1.1267605633802817,ATGGGGTCAGG,Bifidobacterium phage BP677P8,2968619,1,1,100.0
201,1,1.1267605633802817,ATGGGGTCAGG,Bifidobacterium phage BP742P1,2968620,1,1,100.0
202,1,1.1267605633802817,ATGGGGTCAGG,Yangshan Harbor Nitrososphaeria virus,2969597,1,1,100.0
203,1,1.1267605633802817,ATGGGGTCAGG,Gordonia phage Malachai,2970350,1,1,100.0
204,1,1.1267605633802817,ATGGGGTCAGG,Rhodobacter phage RcAqua,2970507,1,1,100.0
205,1,1.1267605633802817,ATGGGGTCAGG,Rhodobacter phage RcAquaphina,2970508,1,1,100.0
206,1,1.1267605633802817,ATGGGGTCAGG,Rhodobacter phage RcBigEagle,2970509,1,1,100.0
207,1,1.1267605633802817,ATGGGGTCAGG,Rhodobacter phage RcDora,2970511,1,1,100.0
208,1,1.1267605633802817,ATGGGGTCAGG,Rhodobacter phage RcExplorer,2970512,1,1,100.0
209,1,1.1267605633802817,ATGGGGTCAGG,Rhodobacter phage RcJoli,2970513,1,1,100.0
210,1,1.1267605633802817,ATGGGGTCAGG,Rhodobacter phage RcKeef,2970515,1,1,100.0
211,1,1.1267605633802817,ATGGGGTCAGG,Rhodobacter phage RcLkye,2970518,2,2,100.0
212,1,1.1267605633802817,ATGGGGTCAGG,Rhodobacter phage RcMaeve,2970519,1,1,100.0
213,1,1.1267605633802817,ATGGGGTCAGG,Rhodobacter phage RcMcLean,2970521,1,1,100.0
214,1,1.1267605633802817,ATGGGGTCAGG,Rhodobacter phage RcPacific,2970525,1,1,100.0
215,1,1.1267605633802817,ATGGGGTCAGG,Cyanophage S-RIM12_RW_28_1109,2928619,1,1,100.0
216,1,1.1267605633802817,ATGGGGTCAGG,Brevibacterium phage AGM10,2591412,1,1,100.0
217,1,1.1267605633802817,ATGGGGTCAGG,Cyanophage S-RIM12_RW_25_0210,2928616,1,1,100.0
218,1,1.1267605633802817,ATGGGGTCAGG,Cyanophage S-RIM12_Np_22_1112,2928614,1,1,100.0
219,1,1.1267605633802817,ATGGGGTCAGG,Vibrio phage 70E35.2,2859341,1,1,100.0
220,1,1.1267605633802817,ATGGGGTCAGG,Vibrio phage 70E35.5a,2859342,1,1,100.0
221,1,1.1267605633802817,ATGGGGTCAGG,Vibrio phage 70E35.6,2859343,1,1,100.0
222,1,1.1267605633802817,ATGGGGTCAGG,Vibrio phage 70E37.1,2859344,1,1,100.0
223,1,1.1267605633802817,ATGGGGTCAGG,Vibrio phage 70E37.6,2859345,1,1,100.0
224,1,1.1267605633802817,ATGGGGTCAGG,Arthrobacter phage Kardesai,2859474,1,1,100.0
225,1,1.1267605633802817,ATGGGGTCAGG,Vibrio phage 294E48.1,2859322,1,1,100.0
226,1,1.1267605633802817,ATGGGGTCAGG,Arthrobacter phage GoCrazy,2859481,1,1,100.0
227,1,1.1267605633802817,ATGGGGTCAGG,Kosakonia phage 305,2863193,1,1,100.0
228,1,1.1267605633802817,ATGGGGTCAGG,Escherichia phage vB_EcoM-CHD94UKE2,2865808,1,1,100.0
229,1,1.1267605633802817,ATGGGGTCAGG,Escherichia phage vB_EcoM-G3F7,2865812,1,1,100.0
230,1,1.1267605633802817,ATGGGGTCAGG,Escherichia phage vB_EcoM-G3F10,2865815,1,1,100.0
231,1,1.1267605633802817,ATGGGGTCAGG,Escherichia phage vB_EcoM-PM105,2865818,1,1,100.0
232,1,1.1267605633802817,ATGGGGTCAGG,Escherichia phage vB_EcoM-PM107,2865819,1,1,100.0
233,1,1.1267605633802817,ATGGGGTCAGG,Gordonia phage Leroy,2859511,1,1,100.0
234,1,1.1267605633802817,ATGGGGTCAGG,Escherichia phage vB_EcoM-PM123,2865820,1,1,100.0
235,1,1.1267605633802817,ATGGGGTCAGG,Vibrio phage 234P7B,2859314,1,1,100.0
236,1,1.1267605633802817,ATGGGGTCAGG,Vibrio phage 70E38.1,2859293,1,1,100.0
237,1,1.1267605633802817,ATGGGGTCAGG,Rhodobacter phage RcGingersnap,2835970,1,1,100.0
238,1,1.1267605633802817,ATGGGGTCAGG,Rhodobacter phage RcIroh,2835972,2,2,100.0
239,1,1.1267605633802817,ATGGGGTCAGG,Rhodobacter phage RcMcDreamy,2835974,1,1,100.0
240,1,1.1267605633802817,ATGGGGTCAGG,Rhodobacter phage RcMrWorf,2835975,1,1,100.0
241,1,1.1267605633802817,ATGGGGTCAGG,Rhodobacter phage RcPescado,2835977,2,2,100.0
242,1,1.1267605633802817,ATGGGGTCAGG,Rhodobacter phage RcPutin,2835978,1,1,100.0
243,1,1.1267605633802817,ATGGGGTCAGG,Vibrio phage 234P1,2859313,1,1,100.0
244,1,1.1267605633802817,ATGGGGTCAGG,Rhodobacter phage RcRios,2835979,2,2,100.0
245,1,1.1267605633802817,ATGGGGTCAGG,Gordonia phage Jalammah,2836042,1,1,100.0
246,1,1.1267605633802817,ATGGGGTCAGG,Microbacterium phage A3Wally,2836046,1,1,100.0
247,1,1.1267605633802817,ATGGGGTCAGG,Mycobacterium phage Knocker,2836052,1,1,100.0
248,1,1.1267605633802817,ATGGGGTCAGG,hepatitis C virus genotype 1a,2847144,1,1,100.0
249,1,1.1267605633802817,ATGGGGTCAGG,Streptomyces phage TunaTartare,2848887,2,2,100.0
250,1,1.1267605633802817,ATGGGGTCAGG,Aeromonas phage pAh6.2TG,2849625,1,1,100.0
251,1,1.1267605633802817,ATGGGGTCAGG,Rhodobacter phage RcSalem,2835980,1,1,100.0
252,1,1.1267605633802817,ATGGGGTCAGG,Escherichia phage vB_EcoM-PM108,2865828,1,1,100.0
253,1,1.1267605633802817,ATGGGGTCAGG,Escherichia phage vB_EcoM-PM133,2865829,1,1,100.0
254,1,1.1267605633802817,ATGGGGTCAGG,Escherichia phage vB_EcoM-PM136,2865830,1,1,100.0
255,1,1.1267605633802817,ATGGGGTCAGG,Rhizoctonia solani mitovirus 50,2902977,2,2,100.0
256,1,1.1267605633802817,ATGGGGTCAGG,Escherichia phage Gally,2904710,1,1,100.0
257,1,1.1267605633802817,ATGGGGTCAGG,Hangzhou paraphaenocladius impensus totivirus 1,2905281,1,1,100.0
258,1,1.1267605633802817,ATGGGGTCAGG,Prochlorococcus phage P-SSP7,2908095,1,1,100.0
259,1,1.1267605633802817,ATGGGGTCAGG,Mycobacterium phage PenguinLover67,2910763,1,1,100.0
260,1,1.1267605633802817,ATGGGGTCAGG,Xanthomonas phage Xop411,2913975,1,1,100.0
261,1,1.1267605633802817,ATGGGGTCAGG,Escherichia phage vB_EcoD_Sadiya,2902684,1,1,100.0
262,1,1.1267605633802817,ATGGGGTCAGG,Brochothrix phage ADU4,2914025,1,1,100.0
263,1,1.1267605633802817,ATGGGGTCAGG,Bamboo rat astrovirus,2917188,2,2,100.0
264,1,1.1267605633802817,ATGGGGTCAGG,Escherichia phage vB_EcoM-RPN226,2917962,1,1,100.0
265,1,1.1267605633802817,ATGGGGTCAGG,Klebsiella phage KP12,2923374,1,1,100.0
266,1,1.1267605633802817,ATGGGGTCAGG,Aeromonas phage vB_AspA_Bolek,2924889,1,1,100.0
267,1,1.1267605633802817,ATGGGGTCAGG,Gordonia phage LilyPad,2927247,1,1,100.0
268,1,1.1267605633802817,ATGGGGTCAGG,Pseudomonas phage UFJF_PfDIW6,2927622,1,1,100.0
269,1,1.1267605633802817,ATGGGGTCAGG,Escherichia phage ZH4,2914438,1,1,100.0
270,1,1.1267605633802817,ATGGGGTCAGG,Klebsiella phage vB_KpnD_Opt-79,2902679,1,1,100.0
271,1,1.1267605633802817,ATGGGGTCAGG,Escherichia phage vB_EcoD_Opt-719,2902671,1,1,100.0
272,1,1.1267605633802817,ATGGGGTCAGG,Escherichia phage vB_ EcoD_Phleasolo,2902669,1,1,100.0
273,1,1.1267605633802817,ATGGGGTCAGG,Arthrobacter phage Dynamite,2867479,1,1,100.0
274,1,1.1267605633802817,ATGGGGTCAGG,Streptomyces phage Forrest,2871544,1,1,100.0
275,1,1.1267605633802817,ATGGGGTCAGG,Streptomyces phage Jada,2871545,1,1,100.0
276,1,1.1267605633802817,ATGGGGTCAGG,Roseobacter phage CRP-212,2873405,1,1,100.0
277,1,1.1267605633802817,ATGGGGTCAGG,Klebsiella phage VLCpiS13d,2874888,1,1,100.0
278,1,1.1267605633802817,ATGGGGTCAGG,Chicken proventriculitis-associated circular virus 1,2875658,1,1,100.0
279,1,1.1267605633802817,ATGGGGTCAGG,Yersinia phage Rostov 43,2875845,1,1,100.0
280,1,1.1267605633802817,ATGGGGTCAGG,Bacillus phage BUCT082,2876570,1,1,100.0
281,1,1.1267605633802817,ATGGGGTCAGG,Escherichia phage vB_EcoM_C2-3,2876608,1,1,100.0
282,1,1.1267605633802817,ATGGGGTCAGG,Marmot herpesvirus 1,2879123,1,1,100.0
283,1,1.1267605633802817,ATGGGGTCAGG,Microbacterium phage Zooman,2885984,1,1,100.0
284,1,1.1267605633802817,ATGGGGTCAGG,Vibrio phage vB_VpaM_sm033,2893233,1,1,100.0
285,1,1.1267605633802817,ATGGGGTCAGG,Pantoea phage Nufs112,2894290,1,1,100.0
286,1,1.1267605633802817,ATGGGGTCAGG,Arthrobacter phage Tokki,2894719,1,1,100.0
287,1,1.1267605633802817,ATGGGGTCAGG,Bacillus phage vB_BanS_Nate,2894788,1,1,100.0
288,1,1.1267605633802817,ATGGGGTCAGG,Cyanophage S-RIM12_RW_04_0709,2928615,1,1,100.0
289,1,1.1267605633802817,ATGGGGTCAGG,Brevibacterium phage AGM1,2591411,1,1,100.0
290,1,1.1267605633802817,ATGGGGTCAGG,Gordonia phage Ziko,2591193,1,1,100.0
291,1,1.1267605633802817,ATGGGGTCAGG,Arthrobacter phage JEGGS,2591110,1,1,100.0
292,1,1.1267605633802817,ATGGGGTCAGG,HIV-1 M:B_PT423,1070676,1,1,100.0
293,1,1.1267605633802817,ATGGGGTCAGG,Paspalum striate mosaic virus,1072672,18,18,100.0
294,1,1.1267605633802817,ATGGGGTCAGG,Colobus guereza adenovirus 1,1076298,1,1,100.0
295,1,1.1267605633802817,ATGGGGTCAGG,Mycobacterium phage Pleione,1079895,2,2,100.0
296,1,1.1267605633802817,ATGGGGTCAGG,Hepatitis C virus subtype 3i,1094895,3,3,100.0
297,1,1.1267605633802817,ATGGGGTCAGG,Hepatitis C virus subtype 4m,1094900,1,1,100.0
298,1,1.1267605633802817,ATGGGGTCAGG,Santeuil nodavirus,977913,3,3,100.0
299,1,1.1267605633802817,ATGGGGTCAGG,Enterobacteria phage RB5,1112578,1,1,100.0
300,1,1.1267605633802817,ATGGGGTCAGG,Escherichia phage vB_EcoM_ACG-C40,1141141,2,2,100.0
301,1,1.1267605633802817,ATGGGGTCAGG,Klebsiella phage vB_KleM_RaK2,1147094,2,2,100.0
302,1,1.1267605633802817,ATGGGGTCAGG,Enterobacteria phage HK140,1147143,2,2,100.0
303,1,1.1267605633802817,ATGGGGTCAGG,Escherichia phage mEpX1,1147153,2,2,100.0
304,1,1.1267605633802817,ATGGGGTCAGG,Rabbit astrovirus TN/2208/2010,1161132,2,2,100.0
305,1,1.1267605633802817,ATGGGGTCAGG,Norovirus bovine Bo/Nov-37/USA/2010,1214045,1,1,100.0
306,1,1.1267605633802817,ATGGGGTCAGG,Escherichia phage 1720a-02,1115653,1,1,100.0
307,1,1.1267605633802817,ATGGGGTCAGG,Vibrio phage VP4B,1262540,1,1,100.0
308,1,1.1267605633802817,ATGGGGTCAGG,Senegalvirus marseillevirus,944645,2,2,100.0
309,1,1.1267605633802817,ATGGGGTCAGG,Passerivirus A1,871699,1,1,100.0
310,1,1.1267605633802817,ATGGGGTCAGG,Leporid alphaherpesvirus 4,481315,2,2,100.0
311,1,1.1267605633802817,ATGGGGTCAGG,Silicibacter phage DSS3phi2,490912,4,4,100.0
312,1,1.1267605633802817,ATGGGGTCAGG,Muromegalovirus C4A,524649,1,1,100.0
313,1,1.1267605633802817,ATGGGGTCAGG,Muromegalovirus G4,524650,2,2,100.0
314,1,1.1267605633802817,ATGGGGTCAGG,Muromegalovirus WP15B,524651,1,1,100.0
315,1,1.1267605633802817,ATGGGGTCAGG,Human papillomavirus 105,587350,1,1,100.0
316,1,1.1267605633802817,ATGGGGTCAGG,Equus caballus papillomavirus 3,940834,2,2,100.0
317,1,1.1267605633802817,ATGGGGTCAGG,Norovirus Bo/DijonA173/2006/FR,649733,1,1,100.0
318,1,1.1267605633802817,ATGGGGTCAGG,Norovirus Bo/DijonA428/2008/FR,649737,1,1,100.0
319,1,1.1267605633802817,ATGGGGTCAGG,unidentified human coronavirus,694448,8,8,100.0
320,1,1.1267605633802817,ATGGGGTCAGG,Marseillevirus marseillevirus,694581,2,2,100.0
321,1,1.1267605633802817,ATGGGGTCAGG,Enterobacteria phage RB7,697291,1,1,100.0
322,1,1.1267605633802817,ATGGGGTCAGG,Escherichia phage vB_EcoM_VR7,700939,2,2,100.0
323,1,1.1267605633802817,ATGGGGTCAGG,uncultured phage MedDCM-OCT-S05-C139,743556,1,1,100.0
324,1,1.1267605633802817,ATGGGGTCAGG,Norovirus Bo/DijonA344/2007/FR,649736,1,1,100.0
325,1,1.1267605633802817,ATGGGGTCAGG,Acanthocystis turfacea Chlorella virus Br0604L,1278268,1,1,100.0
326,1,1.1267605633802817,ATGGGGTCAGG,Acanthocystis turfacea Chlorella virus Can0610SP,1278269,1,1,100.0
327,1,1.1267605633802817,ATGGGGTCAGG,Acanthocystis turfacea Chlorella virus MN0810.1,1278272,1,1,100.0
328,1,1.1267605633802817,ATGGGGTCAGG,Zucchini tigre mosaic virus,1406816,3,3,100.0
329,1,1.1267605633802817,ATGGGGTCAGG,Mycobacterium phage EagleEye,1429759,1,1,100.0
330,1,1.1267605633802817,ATGGGGTCAGG,Klebsiella phage K64-1,1439894,2,2,100.0
331,1,1.1267605633802817,ATGGGGTCAGG,Geran virus,1453407,1,1,100.0
332,1,1.1267605633802817,ATGGGGTCAGG,Dromedary camel coronavirus HKU23,1479610,2,2,100.0
333,1,1.1267605633802817,ATGGGGTCAGG,Jingmen tick virus,1491393,3,3,100.0
334,1,1.1267605633802817,ATGGGGTCAGG,Erwinia phage PhiEaH1,1401669,2,2,100.0
335,1,1.1267605633802817,ATGGGGTCAGG,Synechococcus phage ACG-2014a,1493507,23,23,100.0
336,1,1.1267605633802817,ATGGGGTCAGG,Pseudoalteromonas phage B8b,1506997,1,1,100.0
337,1,1.1267605633802817,ATGGGGTCAGG,Sesavirus CSL10538,1519097,2,2,100.0
338,1,1.1267605633802817,ATGGGGTCAGG,Picornaviridae sp.,1530251,3,3,100.0
339,1,1.1267605633802817,ATGGGGTCAGG,Dickeya phage phiDP23.1,1542133,1,1,100.0
340,1,1.1267605633802817,ATGGGGTCAGG,Melbournevirus,1560514,2,2,100.0
341,1,1.1267605633802817,ATGGGGTCAGG,Escherichia phage vB_EcoM_VR20,1567027,2,2,100.0
342,1,1.1267605633802817,ATGGGGTCAGG,Escherichia phage vB_EcoM_112,1495285,2,2,100.0
343,1,1.1267605633802817,ATGGGGTCAGG,Cannes 8 virus,1394979,1,1,100.0
344,1,1.1267605633802817,ATGGGGTCAGG,Blackbird associated gemykibivirus 1,1391038,2,2,100.0
345,1,1.1267605633802817,ATGGGGTCAGG,Norovirus bovine/93/TE/2012,1380878,1,1,100.0
346,1,1.1267605633802817,ATGGGGTCAGG,Acanthocystis turfacea Chlorella virus MO0605SPH,1278273,1,1,100.0
347,1,1.1267605633802817,ATGGGGTCAGG,Acanthocystis turfacea Chlorella virus NE-JV-2,1278274,1,1,100.0
348,1,1.1267605633802817,ATGGGGTCAGG,Acanthocystis turfacea Chlorella virus NE-JV-3,1278275,1,1,100.0
349,1,1.1267605633802817,ATGGGGTCAGG,Acanthocystis turfacea Chlorella virus OR0704.3,1278277,1,1,100.0
350,1,1.1267605633802817,ATGGGGTCAGG,Acanthocystis turfacea Chlorella virus TN603.4.2,1278278,1,1,100.0
351,1,1.1267605633802817,ATGGGGTCAGG,Acanthocystis turfacea Chlorella virus WI0606,1278279,1,1,100.0
352,1,1.1267605633802817,ATGGGGTCAGG,Cyanophage S-RIM12,1278402,1,1,100.0
353,1,1.1267605633802817,ATGGGGTCAGG,Cyanophage S-RIM44,1278485,4,4,100.0
354,1,1.1267605633802817,ATGGGGTCAGG,Synechococcus phage S-MbCM100,1340812,2,2,100.0
355,1,1.1267605633802817,ATGGGGTCAGG,Influenza B virus (B/Ohio/02/2013),1344263,1,1,100.0
356,1,1.1267605633802817,ATGGGGTCAGG,Influenza B virus (B/West Virginia/01/2012),1344312,1,1,100.0
357,1,1.1267605633802817,ATGGGGTCAGG,Pandoravirus dulcis,1349409,1,1,100.0
358,1,1.1267605633802817,ATGGGGTCAGG,Pandoravirus salinus,1349410,1,1,100.0
359,1,1.1267605633802817,ATGGGGTCAGG,Norovirus bovine/49/TE/2012,1380873,1,1,100.0
360,1,1.1267605633802817,ATGGGGTCAGG,Norovirus bovine/59/TE/2012,1380875,1,1,100.0
361,1,1.1267605633802817,ATGGGGTCAGG,Ligustrum necrotic ringspot virus,478550,1,1,100.0
362,1,1.1267605633802817,ATGGGGTCAGG,Escherichia phage vB_EcoM_VR25,1567028,2,2,100.0
363,1,1.1267605633802817,ATGGGGTCAGG,Prochlorococcus phage Syn33,444878,2,2,100.0
364,1,1.1267605633802817,ATGGGGTCAGG,Synechococcus phage S-SM2,444860,2,2,100.0
365,1,1.1267605633802817,ATGGGGTCAGG,Lassa mammarenavirus,11620,2,2,100.0
366,1,1.1267605633802817,ATGGGGTCAGG,Human immunodeficiency virus 1,11676,4,4,100.0
367,1,1.1267605633802817,ATGGGGTCAGG,Human immunodeficiency virus 2,11709,15,18,83.33333333333334
368,1,1.1267605633802817,ATGGGGTCAGG,Potato virus S,12169,2,2,100.0
369,1,1.1267605633802817,ATGGGGTCAGG,Apple chlorotic leaf spot virus,12175,4,4,100.0
370,1,1.1267605633802817,ATGGGGTCAGG,Escherichia phage RB3,31533,3,3,100.0
371,1,1.1267605633802817,ATGGGGTCAGG,Influenza A virus,11320,1,1,100.0
372,1,1.1267605633802817,ATGGGGTCAGG,Human papillomavirus type 14D,31546,1,1,100.0
373,1,1.1267605633802817,ATGGGGTCAGG,Grapevine virus B,35289,1,1,100.0
374,1,1.1267605633802817,ATGGGGTCAGG,Chikungunya virus,37124,16,17,94.11764705882352
375,1,1.1267605633802817,ATGGGGTCAGG,Human gammaherpesvirus 8,37296,150,150,100.0
376,1,1.1267605633802817,ATGGGGTCAGG,Bacteriophage sp.,38018,49,49,100.0
377,1,1.1267605633802817,ATGGGGTCAGG,Cercopithecine betaherpesvirus 5,50292,3,3,100.0
378,1,1.1267605633802817,ATGGGGTCAGG,GB virus C,54290,1,1,100.0
379,1,1.1267605633802817,ATGGGGTCAGG,Simian T-lymphotropic virus 1,33747,46,46,100.0
380,1,1.1267605633802817,ATGGGGTCAGG,Getah virus,59300,138,138,100.0
381,1,1.1267605633802817,ATGGGGTCAGG,Human orthopneumovirus,11250,9,9,100.0
382,1,1.1267605633802817,ATGGGGTCAGG,Hepacivirus C,11103,42,45,93.33333333333333
383,1,1.1267605633802817,ATGGGGTCAGG,Fowlpox virus isolate HP-438/Munich,10263,1,1,100.0
384,1,1.1267605633802817,ATGGGGTCAGG,Human alphaherpesvirus 2,10310,0,1,0.0
385,1,1.1267605633802817,ATGGGGTCAGG,Human alphaherpesvirus 3,10335,92,92,100.0
386,1,1.1267605633802817,ATGGGGTCAGG,Human betaherpesvirus 5,10359,372,372,100.0
387,1,1.1267605633802817,ATGGGGTCAGG,Murid betaherpesvirus 1,10366,15,15,100.0
388,1,1.1267605633802817,ATGGGGTCAGG,Human gammaherpesvirus 4,10376,1116,1116,100.0
389,1,1.1267605633802817,ATGGGGTCAGG,Bovine coronavirus,11128,1,1,100.0
390,1,1.1267605633802817,ATGGGGTCAGG,Bovine gammaherpesvirus 4,10385,7,7,100.0
391,1,1.1267605633802817,ATGGGGTCAGG,human papillomavirus 12,10604,2,2,100.0
392,1,1.1267605633802817,ATGGGGTCAGG,Enterobacteria phage T6,10666,3,3,100.0
393,1,1.1267605633802817,ATGGGGTCAGG,Dengue virus type 4,11070,2,2,100.0
394,1,1.1267605633802817,ATGGGGTCAGG,Yellow fever virus,11089,2,2,100.0
395,1,1.1267605633802817,ATGGGGTCAGG,Classical swine fever virus,11096,1,1,100.0
396,1,1.1267605633802817,ATGGGGTCAGG,Bovine viral diarrhea virus 1,11099,3,3,100.0
397,1,1.1267605633802817,ATGGGGTCAGG,Human papillomavirus,10566,3,3,100.0
398,1,1.1267605633802817,ATGGGGTCAGG,Murine cytomegalovirus (strain K181),69156,1,1,100.0
399,1,1.1267605633802817,ATGGGGTCAGG,Enterobacteria phage RB10,69608,1,1,100.0
400,1,1.1267605633802817,ATGGGGTCAGG,Enterobacteria phage RB6,69610,1,1,100.0
401,1,1.1267605633802817,ATGGGGTCAGG,Turbot reddish body iridovirus,273651,1,1,100.0
402,1,1.1267605633802817,ATGGGGTCAGG,uncultured phage,278008,2,2,100.0
403,1,1.1267605633802817,ATGGGGTCAGG,Human coronavirus HKU1,290028,44,44,100.0
404,1,1.1267605633802817,ATGGGGTCAGG,Human T-lymphotropic virus 4,318279,1,1,100.0
405,1,1.1267605633802817,ATGGGGTCAGG,Parry Creek virus,318845,2,2,100.0
406,1,1.1267605633802817,ATGGGGTCAGG,Acanthocystis turfacea chlorella virus 1,322019,2,2,100.0
407,1,1.1267605633802817,ATGGGGTCAGG,Tiamatvirus PSSP7,268748,1,1,100.0
408,1,1.1267605633802817,ATGGGGTCAGG,Human papillomavirus type 16,333760,1,1,100.0
409,1,1.1267605633802817,ATGGGGTCAGG,Norovirus GIII,340017,4,4,100.0
410,1,1.1267605633802817,ATGGGGTCAGG,Mycobacterium phage Cooper,373406,2,2,100.0
411,1,1.1267605633802817,ATGGGGTCAGG,Hepatitis C virus subtype 6e,413255,3,3,100.0
412,1,1.1267605633802817,ATGGGGTCAGG,Wood mouse herpesvirus,432370,1,1,100.0
413,1,1.1267605633802817,ATGGGGTCAGG,Human herpesvirus 8 type M,435895,1,1,100.0
414,1,1.1267605633802817,ATGGGGTCAGG,Porcine picobirnavirus,442302,2,2,100.0
415,1,1.1267605633802817,ATGGGGTCAGG,uncultured virus,340016,2,2,100.0
416,1,1.1267605633802817,ATGGGGTCAGG,uncultured human fecal virus,239364,2,2,100.0
417,1,1.1267605633802817,ATGGGGTCAGG,Enterobacteria phage LZ2,237902,1,1,100.0
418,1,1.1267605633802817,ATGGGGTCAGG,Reptilian orthoreovirus,226613,1,1,100.0
419,1,1.1267605633802817,ATGGGGTCAGG,Enterobacteria phage RB9,69612,1,1,100.0
420,1,1.1267605633802817,ATGGGGTCAGG,Human papillomavirus RTRX7,79691,1,1,100.0
421,1,1.1267605633802817,ATGGGGTCAGG,Alphavirus M1,97469,1,1,100.0
422,1,1.1267605633802817,ATGGGGTCAGG,Retroperitoneal fibromatosis-associated herpesvirus,111469,1,1,100.0
423,1,1.1267605633802817,ATGGGGTCAGG,Baboon cytomegalovirus,120505,2,2,100.0
424,1,1.1267605633802817,ATGGGGTCAGG,Norovirus GII,122929,1,1,100.0
425,1,1.1267605633802817,ATGGGGTCAGG,Columbid circovirus,126070,4,4,100.0
426,1,1.1267605633802817,ATGGGGTCAGG,Reston ebolavirus - Reston,129003,4,4,100.0
427,1,1.1267605633802817,ATGGGGTCAGG,Anguillid herpesvirus 1,150286,13,13,100.0
428,1,1.1267605633802817,ATGGGGTCAGG,Tiger frog virus,160691,7,7,100.0
429,1,1.1267605633802817,ATGGGGTCAGG,Cyprinid herpesvirus 3,180230,23,23,100.0
430,1,1.1267605633802817,ATGGGGTCAGG,Hepatitis E virus type 4,185580,2,2,100.0
431,1,1.1267605633802817,ATGGGGTCAGG,Reston ebolavirus,186539,20,20,100.0
432,1,1.1267605633802817,ATGGGGTCAGG,uncultured marine virus,186617,4,4,100.0
433,1,1.1267605633802817,ATGGGGTCAGG,Bovine enteric calicivirus,206156,5,5,100.0
434,1,1.1267605633802817,ATGGGGTCAGG,Prochlorococcus phage Syn1,444861,2,2,100.0
435,1,1.1267605633802817,ATGGGGTCAGG,Arthrobacter phage Hankly,3017298,1,1,100.0
436,1,1.1267605633802817,ATGGGGTCAGG,Escherichia phage vB_EcoM_VR26,1567029,2,2,100.0
437,1,1.1267605633802817,ATGGGGTCAGG,short-tailed pygmy chameleon adenovirus 1,1631551,2,2,100.0
438,1,1.1267605633802817,ATGGGGTCAGG,Ruegeria phage vB_RpoP-V14,2218613,2,2,100.0
439,1,1.1267605633802817,ATGGGGTCAGG,Ruegeria phage vB_RpoP-V17,2218614,2,2,100.0
440,1,1.1267605633802817,ATGGGGTCAGG,Ruegeria phage vB_RpoP-V21,2218615,2,2,100.0
441,1,1.1267605633802817,ATGGGGTCAGG,Inoviridae sp.,2219103,3,3,100.0
442,1,1.1267605633802817,ATGGGGTCAGG,Phascolarctid gammaherpesvirus 1,2249313,1,1,100.0
443,1,1.1267605633802817,ATGGGGTCAGG,Pseudomonas phage SCYZ1,2249467,1,1,100.0
444,1,1.1267605633802817,ATGGGGTCAGG,Ruegeria phage vB_RpoP-V12,2218611,2,2,100.0
445,1,1.1267605633802817,ATGGGGTCAGG,Gordonia phage Frokostdame,2250320,1,1,100.0
446,1,1.1267605633802817,ATGGGGTCAGG,Gordonia phage Ronaldo,2250397,1,1,100.0
447,1,1.1267605633802817,ATGGGGTCAGG,Arthrobacter phage KeaneyLin,2250412,1,1,100.0
448,1,1.1267605633802817,ATGGGGTCAGG,Caulobacter phage CcrPW,2283271,1,1,100.0
449,1,1.1267605633802817,ATGGGGTCAGG,Curvibacter phage TJ1,2290809,1,1,100.0
450,1,1.1267605633802817,ATGGGGTCAGG,Serratia phage JS26,2315217,2,2,100.0
451,1,1.1267605633802817,ATGGGGTCAGG,Escherichia phage vB_vPM_PD112,2315580,1,1,100.0
452,1,1.1267605633802817,ATGGGGTCAGG,Mycobacterium phage Icee,2250380,1,1,100.0
453,1,1.1267605633802817,ATGGGGTCAGG,Moosepox virus GoldyGopher14,2340996,1,1,100.0
454,1,1.1267605633802817,ATGGGGTCAGG,Circular genetic element sp.,2202954,1,1,100.0
455,1,1.1267605633802817,ATGGGGTCAGG,Caudovirales sp.,2202568,7,7,100.0
456,1,1.1267605633802817,ATGGGGTCAGG,Cherry virus B,2108357,1,1,100.0
457,1,1.1267605633802817,ATGGGGTCAGG,Gordonia phage Fenry,2126808,1,1,100.0
458,1,1.1267605633802817,ATGGGGTCAGG,South American cichlid iridovirus,2137174,1,1,100.0
459,1,1.1267605633802817,ATGGGGTCAGG,Three spot gourami iridovirus,2137175,1,1,100.0
460,1,1.1267605633802817,ATGGGGTCAGG,Marseillevirus Shanghai 1,2137242,1,1,100.0
461,1,1.1267605633802817,ATGGGGTCAGG,Marmot picobirnavirus,2161795,1,1,100.0
462,1,1.1267605633802817,ATGGGGTCAGG,Microviridae sp.,2202644,4,4,100.0
463,1,1.1267605633802817,ATGGGGTCAGG,Marine virus AG-345-O18,2162691,1,1,100.0
464,1,1.1267605633802817,ATGGGGTCAGG,Kunsagivirus B;kunsagivirus B1,2169965,1,1,100.0
465,1,1.1267605633802817,ATGGGGTCAGG,Siphoviridae sp.,2170413,216,216,100.0
466,1,1.1267605633802817,ATGGGGTCAGG,Gordonia phage Petra,2182347,1,1,100.0
467,1,1.1267605633802817,ATGGGGTCAGG,Hepacivirus P,2202225,1,1,100.0
468,1,1.1267605633802817,ATGGGGTCAGG,Myoviridae sp.,2202564,66,66,100.0
469,1,1.1267605633802817,ATGGGGTCAGG,Podoviridae sp.,2202567,23,23,100.0
470,1,1.1267605633802817,ATGGGGTCAGG,Tibetan frog hepatitis B virus,2169919,1,1,100.0
471,1,1.1267605633802817,ATGGGGTCAGG,Klebsiella phage Pylas,2419682,1,1,100.0
472,1,1.1267605633802817,ATGGGGTCAGG,Kiva uusi kaarme virus 1,2447937,1,1,100.0
473,1,1.1267605633802817,ATGGGGTCAGG,Manly virus,2485873,1,1,100.0
474,1,1.1267605633802817,ATGGGGTCAGG,Salmonella phage SPFM5,2528675,1,1,100.0
475,1,1.1267605633802817,ATGGGGTCAGG,Salmonella phage SPFM15,2528685,1,1,100.0
476,1,1.1267605633802817,ATGGGGTCAGG,Erwinia phage Rebecca,2530026,1,1,100.0
477,1,1.1267605633802817,ATGGGGTCAGG,Bathycoccus sp. RCC716 virus 2,2530039,1,1,100.0
478,1,1.1267605633802817,ATGGGGTCAGG,Bathycoccus sp. RCC716 virus 3,2530040,1,1,100.0
479,1,1.1267605633802817,ATGGGGTCAGG,Streptococcus phage Javan273,2548088,1,1,100.0
480,1,1.1267605633802817,ATGGGGTCAGG,Gordonia phage Walrus,2517927,1,1,100.0
481,1,1.1267605633802817,ATGGGGTCAGG,Streptococcus phage Javan311,2548103,1,1,100.0
482,1,1.1267605633802817,ATGGGGTCAGG,Streptococcus phage Javan405,2548151,1,1,100.0
483,1,1.1267605633802817,ATGGGGTCAGG,Avian orthoavulavirus 1,2560319,2,2,100.0
484,1,1.1267605633802817,ATGGGGTCAGG,Arthrobacter phage MrGloopy,2562365,1,1,100.0
485,1,1.1267605633802817,ATGGGGTCAGG,Gordonia phage Begonia,2583040,1,1,100.0
486,1,1.1267605633802817,ATGGGGTCAGG,Riboviria sp.,2585031,1,1,100.0
487,1,1.1267605633802817,ATGGGGTCAGG,Arthrobacter phage Xenomorph,2591069,1,1,100.0
488,1,1.1267605633802817,ATGGGGTCAGG,Streptococcus phage Javan377;Streptococcus phage Javan380;Streptococcus phage Javan381,2548135,1,1,100.0
489,1,1.1267605633802817,ATGGGGTCAGG,Rhizobium phage RHph_Y1_11,2509770,1,1,100.0
490,1,1.1267605633802817,ATGGGGTCAGG,Rhizobium phage RHph_TM38,2509767,1,1,100.0
491,1,1.1267605633802817,ATGGGGTCAGG,Rhizobium phage RHph_TM33,2509765,1,1,100.0
492,1,1.1267605633802817,ATGGGGTCAGG,Streptomyces phage Gilson,2488789,1,1,100.0
493,1,1.1267605633802817,ATGGGGTCAGG,Arthrobacter phage Carpal,2488956,1,1,100.0
494,1,1.1267605633802817,ATGGGGTCAGG,Escherichia phage Ro45lw,2498616,1,1,100.0
495,1,1.1267605633802817,ATGGGGTCAGG,Arthrobacter phage Savage2526,2499018,1,1,100.0
496,1,1.1267605633802817,ATGGGGTCAGG,Arthrobacter phage TattModd,2499020,1,1,100.0
497,1,1.1267605633802817,ATGGGGTCAGG,Arthrobacter phage Wawa,2499021,1,1,100.0
498,1,1.1267605633802817,ATGGGGTCAGG,Arthrobacter phage Zorro,2499022,1,1,100.0
499,1,1.1267605633802817,ATGGGGTCAGG,Macaca mulatta feces associated virus 4,2499226,1,1,100.0
500,1,1.1267605633802817,ATGGGGTCAGG,Paracoccus phage vB_PyeM_Pyei1,2500566,1,1,100.0
501,1,1.1267605633802817,ATGGGGTCAGG,Pectobacterium phage Arno162,2500577,1,1,100.0
502,1,1.1267605633802817,ATGGGGTCAGG,Pectobacterium phage Arno18,2500578,1,1,100.0
503,1,1.1267605633802817,ATGGGGTCAGG,Streptomyces phage Austintatious,2500795,1,1,100.0
504,1,1.1267605633802817,ATGGGGTCAGG,Sclerotinia homoeocarpa fusarivirus 1,2501221,1,1,100.0
505,1,1.1267605633802817,ATGGGGTCAGG,Marseillevirus LCMAC201,2506605,1,1,100.0
506,1,1.1267605633802817,ATGGGGTCAGG,Changping mivirus,2507297,1,1,100.0
507,1,1.1267605633802817,ATGGGGTCAGG,uncultured Caudovirales phage,2100421,22,22,100.0
508,1,1.1267605633802817,ATGGGGTCAGG,Wuhan Louse Fly Virus 10,1608114,2,2,100.0
509,1,1.1267605633802817,ATGGGGTCAGG,Mycobacterium phage Sotrice96,2081629,1,1,100.0
510,1,1.1267605633802817,ATGGGGTCAGG,White-tailed deer poxvirus,2067573,1,1,100.0
511,1,1.1267605633802817,ATGGGGTCAGG,uncultured Mediterranean phage,1868660,1,1,100.0
512,1,1.1267605633802817,ATGGGGTCAGG,uncultured Mediterranean phage uvDeep-CGR2-KM20-C133,1868678,1,1,100.0
513,1,1.1267605633802817,ATGGGGTCAGG,Vibrio phage 1.262.O._10N.286.51.A9,1881238,1,1,100.0
514,1,1.1267605633802817,ATGGGGTCAGG,Synechococcus phage S-CAM7,1883368,4,4,100.0
515,1,1.1267605633802817,ATGGGGTCAGG,Erwinia phage vB_EamM_Stratton,1883378,1,1,100.0
516,1,1.1267605633802817,ATGGGGTCAGG,Gordonia phage Bantam,1887641,2,2,100.0
517,1,1.1267605633802817,ATGGGGTCAGG,Wolkberg virus,1867943,2,2,100.0
518,1,1.1267605633802817,ATGGGGTCAGG,Gordonia phage CarolAnn,1887644,1,1,100.0
519,1,1.1267605633802817,ATGGGGTCAGG,Ochrobactrum phage POA1180,1897640,1,1,100.0
520,1,1.1267605633802817,ATGGGGTCAGG,Sapovirus sp.,1906670,1,1,100.0
521,1,1.1267605633802817,ATGGGGTCAGG,Picobirnavirus sp.,1907787,8,8,100.0
522,1,1.1267605633802817,ATGGGGTCAGG,Alteromonas phage PB15,1913113,1,1,100.0
523,1,1.1267605633802817,ATGGGGTCAGG,Klebsiella pneumoniae phage,1915306,1,1,100.0
524,1,1.1267605633802817,ATGGGGTCAGG,Picornaviridae sp. rodent/Ee/PicoV/NX2015,1917412,1,1,100.0
525,1,1.1267605633802817,ATGGGGTCAGG,Arthrobacter phage Vallejo,1897554,1,1,100.0
526,1,1.1267605633802817,ATGGGGTCAGG,Streptomyces phage Bioscum,1920307,1,1,100.0
527,1,1.1267605633802817,ATGGGGTCAGG,Freshwater phage uvFW-CGR-AMD-COM-C449,1838155,1,1,100.0
528,1,1.1267605633802817,ATGGGGTCAGG,Nostoc phage A1,1775256,1,1,100.0
529,1,1.1267605633802817,ATGGGGTCAGG,unidentified Reptarenavirus,1654823,1,1,100.0
530,1,1.1267605633802817,ATGGGGTCAGG,Pseudoalteromonas phage H101,1654919,2,2,100.0
531,1,1.1267605633802817,ATGGGGTCAGG,Escherichia phage HY03,1654926,2,2,100.0
532,1,1.1267605633802817,ATGGGGTCAGG,Mandrillus leucophaeus cytomegalovirus,1654930,1,1,100.0
533,1,1.1267605633802817,ATGGGGTCAGG,Ostreococcus mediterraneus virus 1,1663210,2,2,100.0
534,1,1.1267605633802817,ATGGGGTCAGG,Papio ursinus cytomegalovirus,1667587,2,2,100.0
535,1,1.1267605633802817,ATGGGGTCAGG,Arthrobacter phage Mudcat,1796997,1,1,100.0
536,1,1.1267605633802817,ATGGGGTCAGG,Paslahepevirus balayani,1678143,7,7,100.0
537,1,1.1267605633802817,ATGGGGTCAGG,Megaviridae environmental sample,1737588,1,1,100.0
538,1,1.1267605633802817,ATGGGGTCAGG,Gamboa mosquito virus,1746059,2,2,100.0
539,1,1.1267605633802817,ATGGGGTCAGG,Arthrobacter phage Circum,1772295,1,1,100.0
540,1,1.1267605633802817,ATGGGGTCAGG,Arthrobacter phage Glenn,1772297,1,1,100.0
541,1,1.1267605633802817,ATGGGGTCAGG,Arthrobacter phage Korra,1772304,1,1,100.0
542,1,1.1267605633802817,ATGGGGTCAGG,Arthrobacter phage RAP15,1772312,1,1,100.0
543,1,1.1267605633802817,ATGGGGTCAGG,Bat astrovirus,1697918,1,1,100.0
544,1,1.1267605633802817,ATGGGGTCAGG,Streptomyces phage Ididsumtinwong,1920308,1,1,100.0
545,1,1.1267605633802817,ATGGGGTCAGG,Streptomyces phage PapayaSalad,1920310,1,1,100.0
546,1,1.1267605633802817,ATGGGGTCAGG,Azobacteroides phage ProJPt-Bp1,1920526,1,1,100.0
547,1,1.1267605633802817,ATGGGGTCAGG,Arthrobacter phage Tribby,2024279,1,1,100.0
548,1,1.1267605633802817,ATGGGGTCAGG,Escherichia phage EC121,2025815,1,1,100.0
549,1,1.1267605633802817,ATGGGGTCAGG,Escherichia phage ECO4,2025816,1,1,100.0
550,1,1.1267605633802817,ATGGGGTCAGG,Leviviridae sp.,2027243,3,3,100.0
551,1,1.1267605633802817,ATGGGGTCAGG,Rhodococcus phage Trina,2027905,1,1,100.0
552,1,1.1267605633802817,ATGGGGTCAGG,Pineapple bacilliform CO virus,2033633,1,1,100.0
553,1,1.1267605633802817,ATGGGGTCAGG,Arthrobacter phage Nason,2024278,1,1,100.0
554,1,1.1267605633802817,ATGGGGTCAGG,Eptesicus fuscus gammaherpesvirus,2035399,2,2,100.0
555,1,1.1267605633802817,ATGGGGTCAGG,Arthrobacter phage MeganNoll,2047866,1,1,100.0
556,1,1.1267605633802817,ATGGGGTCAGG,Proteus phage PM135,2048008,1,1,100.0
557,1,1.1267605633802817,ATGGGGTCAGG,Vombatid gammaherpesvirus 1,2052651,1,1,100.0
558,1,1.1267605633802817,ATGGGGTCAGG,Yersinia phage fPS-2,2052930,1,1,100.0
559,1,1.1267605633802817,ATGGGGTCAGG,Anelloviridae sp.,2055263,1,1,100.0
560,1,1.1267605633802817,ATGGGGTCAGG,Escherichia phage PP01,2060720,1,1,100.0
561,1,1.1267605633802817,ATGGGGTCAGG,Streptomyces phage Diane,2041207,1,1,100.0
562,1,1.1267605633802817,ATGGGGTCAGG,Arthrobacter phage Heisenberger,2024277,1,1,100.0
563,1,1.1267605633802817,ATGGGGTCAGG,Arthrobacter phage Elsa,2024276,1,1,100.0
564,1,1.1267605633802817,ATGGGGTCAGG,Arthrobacter phage Correa,2024275,1,1,100.0
565,1,1.1267605633802817,ATGGGGTCAGG,Beihai astro-like virus,1922353,2,2,100.0
566,1,1.1267605633802817,ATGGGGTCAGG,Beihai picorna-like virus 106,1922534,2,2,100.0
567,1,1.1267605633802817,ATGGGGTCAGG,Simian mastadenovirus WIV19,1923976,2,2,100.0
568,1,1.1267605633802817,ATGGGGTCAGG,Avian paramyxovirus 14,1928005,1,1,100.0
569,1,1.1267605633802817,ATGGGGTCAGG,Betacoronavirus sp.,1928434,2,2,100.0
570,1,1.1267605633802817,ATGGGGTCAGG,Circoviridae sp.,1954248,3,3,100.0
571,1,1.1267605633802817,ATGGGGTCAGG,Picornavirales sp.,1955153,1,1,100.0
572,1,1.1267605633802817,ATGGGGTCAGG,Potyvirus sp.,1955171,1,1,100.0
573,1,1.1267605633802817,ATGGGGTCAGG,Vibrio phage JSF9,1983616,1,1,100.0
574,1,1.1267605633802817,ATGGGGTCAGG,Human gut gokushovirus,1986031,1,1,100.0
575,1,1.1267605633802817,ATGGGGTCAGG,Hepacivirus L,2008771,1,1,100.0
576,1,1.1267605633802817,ATGGGGTCAGG,Arthrobacter phage Cheesy,2015816,1,1,100.0
577,1,1.1267605633802817,ATGGGGTCAGG,Rhodococcus phage Hiro,2015828,1,1,100.0
578,1,1.1267605633802817,ATGGGGTCAGG,Arthrobacter phage Dino,2015857,1,1,100.0
579,1,1.1267605633802817,ATGGGGTCAGG,Arthrobacter phage Arcadia,2024274,1,1,100.0
580,1,1.1267605633802817,ATGGGGTCAGG,Pseudomonas phage phiNV3,2079544,1,1,100.0
581,1,1.1267605633802817,ATGGGGTCAGG,Homo sapiens' 'Homo sapiens;synthetic construct,9606,7003,7003,1.0
